dimension_name,dimension_measure_flag,dimension_title,dimension_description,dimension_sql,primary_key,dimension_type,cube_name,cube_sql_table,cube_description,cube_title,cube_data_source,view_name,view_title,view_description,visible_in_view,view_folder_name,join_primary_table,join_secondary_table,join_sql,join_relationship
head_product,dimension,Head Product,,{CUBE}.head_product,,string,dim_product,bcs-brd-data-innovation-np.dimensions.dim_product,,Dim Product,brd,,,,,,dim_product,"dim_density
bei
h2h_tall_corn
hblup_h2h
writeups","{CUBE.key} = {dim_density.key}
{CUBE.key} = {bei.bei_product_key}
{CUBE.key} = {h2h_tall_corn.product_key}
{CUBE.key} = {hblup_h2h.agspp_product_key}
{CUBE.key} = {writeups.key}",one_to_many
head_pedigree,dimension,Head Pedigree,,{CUBE}.head_pedigree,,string,dim_product,bcs-brd-data-innovation-np.dimensions.dim_product,,Dim Product,brd,,,,,,dim_product,,,
head_precom,dimension,Head Precom,,{CUBE}.head_precom,,string,dim_product,bcs-brd-data-innovation-np.dimensions.dim_product,,Dim Product,brd,,,,,,dim_product,,,
source_record,dimension,Source Record,,{CUBE}.source_record,,string,dim_product,bcs-brd-data-innovation-np.dimensions.dim_product,,Dim Product,brd,,,,,,dim_product,,,
product_name,dimension,Product Name,,{CUBE}.product_name,,string,dim_density,bcs-brd-data-innovation-np.dimensions.dim_density,,Dim Density,brd,,,,,,dim_density,,,
product_density_label,dimension,Product Density Label,,{CUBE}.product_density_label,,string,dim_density,bcs-brd-data-innovation-np.dimensions.dim_density,,Dim Density,brd,,,,,,dim_density,,,
market,dimension,Market,,{CUBE}.market,,string,dim_density,bcs-brd-data-innovation-np.dimensions.dim_density,,Dim Density,brd,,,,,,dim_density,,,
trait,dimension,Trait,,{CUBE}.trait,,string,dim_density,bcs-brd-data-innovation-np.dimensions.dim_density,,Dim Density,brd,,,,,,dim_density,,,
brand,dimension,Brand,,{CUBE}.brand,,string,dim_density,bcs-brd-data-innovation-np.dimensions.dim_density,,Dim Density,brd,,,,,,dim_density,,,
pedigree,dimension,Pedigree,,{CUBE}.pedigree,,string,dim_density,bcs-brd-data-innovation-np.dimensions.dim_density,,Dim Density,brd,,,,,,dim_density,,,
is check,dimension,Is Check,,{CUBE}.is check,,boolean,dim_density,bcs-brd-data-innovation-np.dimensions.dim_density,,Dim Density,brd,,,,,,dim_density,,,
hblup,dimension,Hblup,,{CUBE}.hblup,,number,dim_density,bcs-brd-data-innovation-np.dimensions.dim_density,,Dim Density,brd,,,,,,dim_density,,,
Density,dimension,Density,,{CUBE}.Density,,string,dim_density,bcs-brd-data-innovation-np.dimensions.dim_density,,Dim Density,brd,,,,,,dim_density,,,
Density Response Category,dimension,Density Response Category,,{CUBE}.Density Response Category,,string,dim_density,bcs-brd-data-innovation-np.dimensions.dim_density,,Dim Density,brd,,,,,,dim_density,,,
Density Response,dimension,Density Response,,{CUBE}.Density Response,,number,dim_density,bcs-brd-data-innovation-np.dimensions.dim_density,,Dim Density,brd,,,,,,dim_density,,,
average_of_hblup,dimension,Average Of Hblup,,{CUBE}.average_of_hblup,,number,dim_density,bcs-brd-data-innovation-np.dimensions.dim_density,,Dim Density,brd,,,,,,dim_density,,,
bei_check_market,dimension,Bei Check Market,,{CUBE}.bei_check_market,,string,dim_bei,bcs-brd-data-innovation-np.dimensions.dim_bei,,Dim Bei,brd,,,,,,dim_bei,max_bei,bei.bei_head_product = max_bei.bei_head_product and bei.bei_head_product_segment = max_bei.bei_head_product_segment,one_to_one
bei_check_product_segment,dimension,Bei Check Product Segment,,{CUBE}.bei_check_product_segment,,string,dim_bei,bcs-brd-data-innovation-np.dimensions.dim_bei,,Dim Bei,brd,,,,,,dim_bei,,,
bioeconomic_index_ym,dimension,Bioeconomic Index Ym,,{CUBE}.bioeconomic_index_ym,,number,dim_bei,bcs-brd-data-innovation-np.dimensions.dim_bei,,Dim Bei,brd,,,,,,dim_bei,,,
bei_head_market,dimension,Bei Head Market,,{CUBE}.bei_head_market,,string,dim_bei,bcs-brd-data-innovation-np.dimensions.dim_bei,,Dim Bei,brd,,,,,,dim_bei,,,
bei_head_product_segment,dimension,Bei Head Product Segment,,{CUBE}.bei_head_product_segment,,string,dim_bei,bcs-brd-data-innovation-np.dimensions.dim_bei,,Dim Bei,brd,,,,,,dim_bei,,,
bei_head_line_name,dimension,Bei Head Line Name,,{CUBE}.bei_head_line_name,,string,dim_bei,bcs-brd-data-innovation-np.dimensions.dim_bei,,Dim Bei,brd,,,,,,dim_bei,,,
bei_head_product,dimension,Bei Head Product,,{CUBE}.bei_head_product,,string,dim_bei,bcs-brd-data-innovation-np.dimensions.dim_bei,,Dim Bei,brd,,,,,,dim_bei,,,
bei_head_market_segment,dimension,Bei Head Market Segment,,{CUBE}.bei_head_market_segment,,string,dim_bei,bcs-brd-data-innovation-np.dimensions.dim_bei,,Dim Bei,brd,,,,,,dim_bei,,,
bei_head_precom,dimension,Bei Head Precom,,{CUBE}.bei_head_precom,,string,dim_bei,bcs-brd-data-innovation-np.dimensions.dim_bei,,Dim Bei,brd,,,,,,dim_bei,,,
bei_head_cm_rm,dimension,Bei Head Cm RM,,{CUBE}.bei_head_cm_rm,,number,dim_bei,bcs-brd-data-innovation-np.dimensions.dim_bei,,Dim Bei,brd,,,,,,dim_bei,,,
bei_head_entry_type,dimension,Bei Head Entry Type,,{CUBE}.bei_head_entry_type,,string,dim_bei,bcs-brd-data-innovation-np.dimensions.dim_bei,,Dim Bei,brd,,,,,,dim_bei,,,
bei_head_pedigree,dimension,Bei Head Pedigree,,{CUBE}.bei_head_pedigree,,string,dim_bei,bcs-brd-data-innovation-np.dimensions.dim_bei,,Dim Bei,brd,,,,,,dim_bei,,,
bei_ym_delta,dimension,Bei Ym Delta,,{CUBE}.bei_ym_delta,,number,dim_bei,bcs-brd-data-innovation-np.dimensions.dim_bei,,Dim Bei,brd,,,,,,dim_bei,,,
bei_ag_delta,dimension,Bei Ag Delta,,{CUBE}.bei_ag_delta,,number,dim_bei,bcs-brd-data-innovation-np.dimensions.dim_bei,,Dim Bei,brd,,,,,,dim_bei,,,
bei_check_precom,dimension,Bei Check Precom,,{CUBE}.bei_check_precom,,string,dim_bei,bcs-brd-data-innovation-np.dimensions.dim_bei,,Dim Bei,brd,,,,,,dim_bei,,,
bei_check_product,dimension,Bei Check Product,,{CUBE}.bei_check_product,,string,dim_bei,bcs-brd-data-innovation-np.dimensions.dim_bei,,Dim Bei,brd,,,,,,dim_bei,,,
bei_check_line_name,dimension,Bei Check Line Name,,{CUBE}.bei_check_line_name,,string,dim_bei,bcs-brd-data-innovation-np.dimensions.dim_bei,,Dim Bei,brd,,,,,,dim_bei,,,
bei_check_pedigree,dimension,Bei Check Pedigree,,{CUBE}.bei_check_pedigree,,string,dim_bei,bcs-brd-data-innovation-np.dimensions.dim_bei,,Dim Bei,brd,,,,,,dim_bei,,,
bei_check_market_segment,dimension,Bei Check Market Segment,,{CUBE}.bei_check_market_segment,,string,dim_bei,bcs-brd-data-innovation-np.dimensions.dim_bei,,Dim Bei,brd,,,,,,dim_bei,,,
bei_cm_rm,dimension,Bei Cm RM,,{CUBE}.bei_cm_rm,,number,dim_bei,bcs-brd-data-innovation-np.dimensions.dim_bei,,Dim Bei,brd,,,,,,dim_bei,,,
field_name,dimension,Field Name,,{CUBE}.field_name,,string,h2h_output_tall_corn_V3,bcs-brd-data-innovation-np.deployment.h2h_output_tall_corn_V3,,H2h Output Tall Corn V3,brd,,,,,,h2h_output_tall_corn_V3,,,
grow_year,dimension,Grow Year,,{CUBE}.grow_year,,number,h2h_output_tall_corn_V3,bcs-brd-data-innovation-np.deployment.h2h_output_tall_corn_V3,,H2h Output Tall Corn V3,brd,,,,,,h2h_output_tall_corn_V3,,,
head_product,dimension,Head Product,,{CUBE}.head_product,,string,h2h_output_tall_corn_V3,bcs-brd-data-innovation-np.deployment.h2h_output_tall_corn_V3,,H2h Output Tall Corn V3,brd,,,,,,h2h_output_tall_corn_V3,,,
head_set_name,dimension,Head Set Name,,{CUBE}.head_set_name,,string,h2h_output_tall_corn_V3,bcs-brd-data-innovation-np.deployment.h2h_output_tall_corn_V3,,H2h Output Tall Corn V3,brd,,,,,,h2h_output_tall_corn_V3,,,
head_pedigree,dimension,Head Pedigree,,{CUBE}.head_pedigree,,string,h2h_output_tall_corn_V3,bcs-brd-data-innovation-np.deployment.h2h_output_tall_corn_V3,,H2h Output Tall Corn V3,brd,,,,,,h2h_output_tall_corn_V3,,,
head_plot_id,dimension,Head Plot ID,,{CUBE}.head_plot_id,TRUE,number,h2h_output_tall_corn_V3,bcs-brd-data-innovation-np.deployment.h2h_output_tall_corn_V3,,H2h Output Tall Corn V3,brd,,,,,,h2h_output_tall_corn_V3,,,
head_market,dimension,Head Market,,{CUBE}.head_market,,string,h2h_output_tall_corn_V3,bcs-brd-data-innovation-np.deployment.h2h_output_tall_corn_V3,,H2h Output Tall Corn V3,brd,,,,,,h2h_output_tall_corn_V3,,,
head_set_rm,dimension,Head Set RM,,{CUBE}.head_set_rm,,number,h2h_output_tall_corn_V3,bcs-brd-data-innovation-np.deployment.h2h_output_tall_corn_V3,,H2h Output Tall Corn V3,brd,,,,,,h2h_output_tall_corn_V3,,,
head_gyld_be,dimension,Head Gyld Be,,{CUBE}.head_gyld_be,,number,h2h_output_tall_corn_V3,bcs-brd-data-innovation-np.deployment.h2h_output_tall_corn_V3,,H2h Output Tall Corn V3,brd,,,,,,h2h_output_tall_corn_V3,,,
head_gyld,dimension,Head Gyld,,{CUBE}.head_gyld,,number,h2h_output_tall_corn_V3,bcs-brd-data-innovation-np.deployment.h2h_output_tall_corn_V3,,H2h Output Tall Corn V3,brd,,,,,,h2h_output_tall_corn_V3,,,
head_mst_be,dimension,Head Mst Be,,{CUBE}.head_mst_be,,number,h2h_output_tall_corn_V3,bcs-brd-data-innovation-np.deployment.h2h_output_tall_corn_V3,,H2h Output Tall Corn V3,brd,,,,,,h2h_output_tall_corn_V3,,,
head_mst,dimension,Head Mst,,{CUBE}.head_mst,,number,h2h_output_tall_corn_V3,bcs-brd-data-innovation-np.deployment.h2h_output_tall_corn_V3,,H2h Output Tall Corn V3,brd,,,,,,h2h_output_tall_corn_V3,,,
head_twt_be,dimension,Head Twt Be,,{CUBE}.head_twt_be,,number,h2h_output_tall_corn_V3,bcs-brd-data-innovation-np.deployment.h2h_output_tall_corn_V3,,H2h Output Tall Corn V3,brd,,,,,,h2h_output_tall_corn_V3,,,
head_twt,dimension,Head Twt,,{CUBE}.head_twt,,number,h2h_output_tall_corn_V3,bcs-brd-data-innovation-np.deployment.h2h_output_tall_corn_V3,,H2h Output Tall Corn V3,brd,,,,,,h2h_output_tall_corn_V3,,,
head_rtlp,dimension,Head Rtlp,,{CUBE}.head_rtlp,,number,h2h_output_tall_corn_V3,bcs-brd-data-innovation-np.deployment.h2h_output_tall_corn_V3,,H2h Output Tall Corn V3,brd,,,,,,h2h_output_tall_corn_V3,,,
head_stlp,dimension,Head Stlp,,{CUBE}.head_stlp,,number,h2h_output_tall_corn_V3,bcs-brd-data-innovation-np.deployment.h2h_output_tall_corn_V3,,H2h Output Tall Corn V3,brd,,,,,,h2h_output_tall_corn_V3,,,
head_agspp_late,dimension,Head Agspp Late,,{CUBE}.head_agspp_late,,number,h2h_output_tall_corn_V3,bcs-brd-data-innovation-np.deployment.h2h_output_tall_corn_V3,,H2h Output Tall Corn V3,brd,,,,,,h2h_output_tall_corn_V3,,,
head_agspp_med,dimension,Head Agspp Med,,{CUBE}.head_agspp_med,,number,h2h_output_tall_corn_V3,bcs-brd-data-innovation-np.deployment.h2h_output_tall_corn_V3,,H2h Output Tall Corn V3,brd,,,,,,h2h_output_tall_corn_V3,,,
head_agspp_early,dimension,Head Agspp Early,,{CUBE}.head_agspp_early,,number,h2h_output_tall_corn_V3,bcs-brd-data-innovation-np.deployment.h2h_output_tall_corn_V3,,H2h Output Tall Corn V3,brd,,,,,,h2h_output_tall_corn_V3,,,
head_set_mean_gyld_be,dimension,Head Set Mean Gyld Be,,{CUBE}.head_set_mean_gyld_be,,number,h2h_output_tall_corn_V3,bcs-brd-data-innovation-np.deployment.h2h_output_tall_corn_V3,,H2h Output Tall Corn V3,brd,,,,,,h2h_output_tall_corn_V3,,,
head_set_mean_gyld,dimension,Head Set Mean Gyld,,{CUBE}.head_set_mean_gyld,,number,h2h_output_tall_corn_V3,bcs-brd-data-innovation-np.deployment.h2h_output_tall_corn_V3,,H2h Output Tall Corn V3,brd,,,,,,h2h_output_tall_corn_V3,,,
head_set_mean_mst_be,dimension,Head Set Mean Mst Be,,{CUBE}.head_set_mean_mst_be,,number,h2h_output_tall_corn_V3,bcs-brd-data-innovation-np.deployment.h2h_output_tall_corn_V3,,H2h Output Tall Corn V3,brd,,,,,,h2h_output_tall_corn_V3,,,
head_set_mean_mst,dimension,Head Set Mean Mst,,{CUBE}.head_set_mean_mst,,string,h2h_output_tall_corn_V3,bcs-brd-data-innovation-np.deployment.h2h_output_tall_corn_V3,,H2h Output Tall Corn V3,brd,,,,,,h2h_output_tall_corn_V3,,,
head_set_mean_twt_be,dimension,Head Set Mean Twt Be,,{CUBE}.head_set_mean_twt_be,,number,h2h_output_tall_corn_V3,bcs-brd-data-innovation-np.deployment.h2h_output_tall_corn_V3,,H2h Output Tall Corn V3,brd,,,,,,h2h_output_tall_corn_V3,,,
head_set_meam_twt,dimension,Head Set Meam Twt,,{CUBE}.head_set_meam_twt,,number,h2h_output_tall_corn_V3,bcs-brd-data-innovation-np.deployment.h2h_output_tall_corn_V3,,H2h Output Tall Corn V3,brd,,,,,,h2h_output_tall_corn_V3,,,
head_set_mean_rtlp,dimension,Head Set Mean Rtlp,,{CUBE}.head_set_mean_rtlp,,number,h2h_output_tall_corn_V3,bcs-brd-data-innovation-np.deployment.h2h_output_tall_corn_V3,,H2h Output Tall Corn V3,brd,,,,,,h2h_output_tall_corn_V3,,,
head_set_mean_stlp,dimension,Head Set Mean Stlp,,{CUBE}.head_set_mean_stlp,,number,h2h_output_tall_corn_V3,bcs-brd-data-innovation-np.deployment.h2h_output_tall_corn_V3,,H2h Output Tall Corn V3,brd,,,,,,h2h_output_tall_corn_V3,,,
head_set_mean_agspp_late,dimension,Head Set Mean Agspp Late,,{CUBE}.head_set_mean_agspp_late,,string,h2h_output_tall_corn_V3,bcs-brd-data-innovation-np.deployment.h2h_output_tall_corn_V3,,H2h Output Tall Corn V3,brd,,,,,,h2h_output_tall_corn_V3,,,
head_set_mean_agspp_med,dimension,Head Set Mean Agspp Med,,{CUBE}.head_set_mean_agspp_med,,string,h2h_output_tall_corn_V3,bcs-brd-data-innovation-np.deployment.h2h_output_tall_corn_V3,,H2h Output Tall Corn V3,brd,,,,,,h2h_output_tall_corn_V3,,,
head_set_mean_agspp_early,dimension,Head Set Mean Agspp Early,,{CUBE}.head_set_mean_agspp_early,,string,h2h_output_tall_corn_V3,bcs-brd-data-innovation-np.deployment.h2h_output_tall_corn_V3,,H2h Output Tall Corn V3,brd,,,,,,h2h_output_tall_corn_V3,,,
head_loc_mean_gyld_be,dimension,Head Loc Mean Gyld Be,,{CUBE}.head_loc_mean_gyld_be,,number,h2h_output_tall_corn_V3,bcs-brd-data-innovation-np.deployment.h2h_output_tall_corn_V3,,H2h Output Tall Corn V3,brd,,,,,,h2h_output_tall_corn_V3,,,
head_loc_mean_gyld,dimension,Head Loc Mean Gyld,,{CUBE}.head_loc_mean_gyld,,number,h2h_output_tall_corn_V3,bcs-brd-data-innovation-np.deployment.h2h_output_tall_corn_V3,,H2h Output Tall Corn V3,brd,,,,,,h2h_output_tall_corn_V3,,,
head_loc_mean_mst_be,dimension,Head Loc Mean Mst Be,,{CUBE}.head_loc_mean_mst_be,,number,h2h_output_tall_corn_V3,bcs-brd-data-innovation-np.deployment.h2h_output_tall_corn_V3,,H2h Output Tall Corn V3,brd,,,,,,h2h_output_tall_corn_V3,,,
head_loc_mean_mst,dimension,Head Loc Mean Mst,,{CUBE}.head_loc_mean_mst,,string,h2h_output_tall_corn_V3,bcs-brd-data-innovation-np.deployment.h2h_output_tall_corn_V3,,H2h Output Tall Corn V3,brd,,,,,,h2h_output_tall_corn_V3,,,
head_loc_mean_twt_be,dimension,Head Loc Mean Twt Be,,{CUBE}.head_loc_mean_twt_be,,number,h2h_output_tall_corn_V3,bcs-brd-data-innovation-np.deployment.h2h_output_tall_corn_V3,,H2h Output Tall Corn V3,brd,,,,,,h2h_output_tall_corn_V3,,,
head_loc_mean_twt,dimension,Head Loc Mean Twt,,{CUBE}.head_loc_mean_twt,,number,h2h_output_tall_corn_V3,bcs-brd-data-innovation-np.deployment.h2h_output_tall_corn_V3,,H2h Output Tall Corn V3,brd,,,,,,h2h_output_tall_corn_V3,,,
head_loc_mean_rtlp,dimension,Head Loc Mean Rtlp,,{CUBE}.head_loc_mean_rtlp,,number,h2h_output_tall_corn_V3,bcs-brd-data-innovation-np.deployment.h2h_output_tall_corn_V3,,H2h Output Tall Corn V3,brd,,,,,,h2h_output_tall_corn_V3,,,
head_loc_mean_stlp,dimension,Head Loc Mean Stlp,,{CUBE}.head_loc_mean_stlp,,number,h2h_output_tall_corn_V3,bcs-brd-data-innovation-np.deployment.h2h_output_tall_corn_V3,,H2h Output Tall Corn V3,brd,,,,,,h2h_output_tall_corn_V3,,,
head_loc_mean_agspp_late,dimension,Head Loc Mean Agspp Late,,{CUBE}.head_loc_mean_agspp_late,,string,h2h_output_tall_corn_V3,bcs-brd-data-innovation-np.deployment.h2h_output_tall_corn_V3,,H2h Output Tall Corn V3,brd,,,,,,h2h_output_tall_corn_V3,,,
head_loc_mean_agspp_med,dimension,Head Loc Mean Agspp Med,,{CUBE}.head_loc_mean_agspp_med,,string,h2h_output_tall_corn_V3,bcs-brd-data-innovation-np.deployment.h2h_output_tall_corn_V3,,H2h Output Tall Corn V3,brd,,,,,,h2h_output_tall_corn_V3,,,
head_loc_mean_agspp_early,dimension,Head Loc Mean Agspp Early,,{CUBE}.head_loc_mean_agspp_early,,string,h2h_output_tall_corn_V3,bcs-brd-data-innovation-np.deployment.h2h_output_tall_corn_V3,,H2h Output Tall Corn V3,brd,,,,,,h2h_output_tall_corn_V3,,,
check_gyld_be_avg,dimension,Check Gyld Be Avg,,{CUBE}.check_gyld_be_avg,,number,h2h_output_tall_corn_V3,bcs-brd-data-innovation-np.deployment.h2h_output_tall_corn_V3,,H2h Output Tall Corn V3,brd,,,,,,h2h_output_tall_corn_V3,,,
check_gyld_avg,dimension,Check Gyld Avg,,{CUBE}.check_gyld_avg,,number,h2h_output_tall_corn_V3,bcs-brd-data-innovation-np.deployment.h2h_output_tall_corn_V3,,H2h Output Tall Corn V3,brd,,,,,,h2h_output_tall_corn_V3,,,
check_mst_be_avg,dimension,Check Mst Be Avg,,{CUBE}.check_mst_be_avg,,number,h2h_output_tall_corn_V3,bcs-brd-data-innovation-np.deployment.h2h_output_tall_corn_V3,,H2h Output Tall Corn V3,brd,,,,,,h2h_output_tall_corn_V3,,,
check_mst_avg,dimension,Check Mst Avg,,{CUBE}.check_mst_avg,,string,h2h_output_tall_corn_V3,bcs-brd-data-innovation-np.deployment.h2h_output_tall_corn_V3,,H2h Output Tall Corn V3,brd,,,,,,h2h_output_tall_corn_V3,,,
check_twt_be_avg,dimension,Check Twt Be Avg,,{CUBE}.check_twt_be_avg,,number,h2h_output_tall_corn_V3,bcs-brd-data-innovation-np.deployment.h2h_output_tall_corn_V3,,H2h Output Tall Corn V3,brd,,,,,,h2h_output_tall_corn_V3,,,
check_twt_avg,dimension,Check Twt Avg,,{CUBE}.check_twt_avg,,number,h2h_output_tall_corn_V3,bcs-brd-data-innovation-np.deployment.h2h_output_tall_corn_V3,,H2h Output Tall Corn V3,brd,,,,,,h2h_output_tall_corn_V3,,,
check_rtlp_avg,dimension,Check Rtlp Avg,,{CUBE}.check_rtlp_avg,,number,h2h_output_tall_corn_V3,bcs-brd-data-innovation-np.deployment.h2h_output_tall_corn_V3,,H2h Output Tall Corn V3,brd,,,,,,h2h_output_tall_corn_V3,,,
check_stlp_avg,dimension,Check Stlp Avg,,{CUBE}.check_stlp_avg,,number,h2h_output_tall_corn_V3,bcs-brd-data-innovation-np.deployment.h2h_output_tall_corn_V3,,H2h Output Tall Corn V3,brd,,,,,,h2h_output_tall_corn_V3,,,
check_agspp_early_avg,dimension,Check Agspp Early Avg,,{CUBE}.check_agspp_early_avg,,string,h2h_output_tall_corn_V3,bcs-brd-data-innovation-np.deployment.h2h_output_tall_corn_V3,,H2h Output Tall Corn V3,brd,,,,,,h2h_output_tall_corn_V3,,,
check_agspp_med_avg,dimension,Check Agspp Med Avg,,{CUBE}.check_agspp_med_avg,,string,h2h_output_tall_corn_V3,bcs-brd-data-innovation-np.deployment.h2h_output_tall_corn_V3,,H2h Output Tall Corn V3,brd,,,,,,h2h_output_tall_corn_V3,,,
check_agspp_late_avg,dimension,Check Agspp Late Avg,,{CUBE}.check_agspp_late_avg,,string,h2h_output_tall_corn_V3,bcs-brd-data-innovation-np.deployment.h2h_output_tall_corn_V3,,H2h Output Tall Corn V3,brd,,,,,,h2h_output_tall_corn_V3,,,
overall_drought_stress_score,dimension,Overall Drought Stress Score,,{CUBE}.overall_drought_stress_score,,number,h2h_output_tall_corn_V3,bcs-brd-data-innovation-np.deployment.h2h_output_tall_corn_V3,,H2h Output Tall Corn V3,brd,,,,,,h2h_output_tall_corn_V3,,,
overall_heat_stress_score,dimension,Overall Heat Stress Score,,{CUBE}.overall_heat_stress_score,,number,h2h_output_tall_corn_V3,bcs-brd-data-innovation-np.deployment.h2h_output_tall_corn_V3,,H2h Output Tall Corn V3,brd,,,,,,h2h_output_tall_corn_V3,,,
early_season_cold_stress,dimension,Early Season Cold Stress,,{CUBE}.early_season_cold_stress,,boolean,h2h_output_tall_corn_V3,bcs-brd-data-innovation-np.deployment.h2h_output_tall_corn_V3,,H2h Output Tall Corn V3,brd,,,,,,h2h_output_tall_corn_V3,,,
combined_Stress,dimension,Combined Stress,,{CUBE}.combined_Stress,,number,h2h_output_tall_corn_V3,bcs-brd-data-innovation-np.deployment.h2h_output_tall_corn_V3,,H2h Output Tall Corn V3,brd,,,,,,h2h_output_tall_corn_V3,,,
count_distinct_head_plot_id,measure,Distinct count of Head Plot ID,This is to get Distinct count of Head Plot ID recorded.,{head_plot_id},,count_distinct,h2h_output_tall_corn_V3,bcs-brd-data-innovation-np.deployment.h2h_output_tall_corn_V3,,H2h Output Tall Corn V3,brd,,,,,,h2h_output_tall_corn_V3,,,
head_product,dimension,Head Product,,{CUBE}.head_product,,string,hblup_h2h,bcs-brd-data-innovation-np.deployment.hblup_h2h,,Hblup H2h,brd,,,,,,hblup_h2h,,,
head_precom,dimension,Head Precom,,{CUBE}.head_precom,,string,hblup_h2h,bcs-brd-data-innovation-np.deployment.hblup_h2h,,Hblup H2h,brd,,,,,,hblup_h2h,,,
head_pedigree,dimension,Head Pedigree,,{CUBE}.head_pedigree,,string,hblup_h2h,bcs-brd-data-innovation-np.deployment.hblup_h2h,,Hblup H2h,brd,,,,,,hblup_h2h,,,
head_trait,dimension,Head Trait,,{CUBE}.head_trait,,string,hblup_h2h,bcs-brd-data-innovation-np.deployment.hblup_h2h,,Hblup H2h,brd,,,,,,hblup_h2h,,,
head_trait_group,dimension,Head Trait Group,,{CUBE}.head_trait_group,,string,hblup_h2h,bcs-brd-data-innovation-np.deployment.hblup_h2h,,Hblup H2h,brd,,,,,,hblup_h2h,,,
check_precom,dimension,Check Precom,,{CUBE}.check_precom,,string,hblup_h2h,bcs-brd-data-innovation-np.deployment.hblup_h2h,,Hblup H2h,brd,,,,,,hblup_h2h,,,
check_product,dimension,Check Product,,{CUBE}.check_product,,string,hblup_h2h,bcs-brd-data-innovation-np.deployment.hblup_h2h,,Hblup H2h,brd,,,,,,hblup_h2h,,,
head_market_segment,dimension,Head Market Segment,,{CUBE}.head_market_segment,,string,hblup_h2h,bcs-brd-data-innovation-np.deployment.hblup_h2h,,Hblup H2h,brd,,,,,,hblup_h2h,,,
head_rm_group,dimension,Head RM Group,,{CUBE}.head_rm_group,,string,hblup_h2h,bcs-brd-data-innovation-np.deployment.hblup_h2h,,Hblup H2h,brd,,,,,,hblup_h2h,,,
head_agspp_early_blup,dimension,Head Agspp Early Blup,,{CUBE}.head_agspp_early_blup,,number,hblup_h2h,bcs-brd-data-innovation-np.deployment.hblup_h2h,,Hblup H2h,brd,,,,,,hblup_h2h,,,
head_agspp_med_blup,dimension,Head Agspp Med Blup,,{CUBE}.head_agspp_med_blup,,number,hblup_h2h,bcs-brd-data-innovation-np.deployment.hblup_h2h,,Hblup H2h,brd,,,,,,hblup_h2h,,,
head_agspp_late_blup,dimension,Head Agspp Late Blup,,{CUBE}.head_agspp_late_blup,,number,hblup_h2h,bcs-brd-data-innovation-np.deployment.hblup_h2h,,Hblup H2h,brd,,,,,,hblup_h2h,,,
head_set_rm,dimension,Head Set RM,,{CUBE}.head_set_rm,,number,hblup_h2h,bcs-brd-data-innovation-np.deployment.hblup_h2h,,Hblup H2h,brd,,,,,,hblup_h2h,,,
cm_rm,dimension,Cm RM,,{CUBE}.cm_rm,,number,hblup_h2h,bcs-brd-data-innovation-np.deployment.hblup_h2h,,Hblup H2h,brd,,,,,,hblup_h2h,,,
check_pedigree,dimension,Check Pedigree,,{CUBE}.check_pedigree,,string,hblup_h2h,bcs-brd-data-innovation-np.deployment.hblup_h2h,,Hblup H2h,brd,,,,,,hblup_h2h,,,
check_trait,dimension,Check Trait,,{CUBE}.check_trait,,string,hblup_h2h,bcs-brd-data-innovation-np.deployment.hblup_h2h,,Hblup H2h,brd,,,,,,hblup_h2h,,,
check_trait_group,dimension,Check Trait Group,,{CUBE}.check_trait_group,,string,hblup_h2h,bcs-brd-data-innovation-np.deployment.hblup_h2h,,Hblup H2h,brd,,,,,,hblup_h2h,,,
delta_agspp_blup,dimension,Delta Agspp Blup,,{CUBE}.delta_agspp_blup,,number,hblup_h2h,bcs-brd-data-innovation-np.deployment.hblup_h2h,,Hblup H2h,brd,,,,,,hblup_h2h,,,
agspp_color,dimension,Agspp Color,,{CUBE}.agspp_color,,number,hblup_h2h,bcs-brd-data-innovation-np.deployment.hblup_h2h,,Hblup H2h,brd,,,,,,hblup_h2h,,,
delta_agspp_early_blup,dimension,Delta Agspp Early Blup,,{CUBE}.delta_agspp_early_blup,,number,hblup_h2h,bcs-brd-data-innovation-np.deployment.hblup_h2h,,Hblup H2h,brd,,,,,,hblup_h2h,,,
agspp_early_color,dimension,Agspp Early Color,,{CUBE}.agspp_early_color,,number,hblup_h2h,bcs-brd-data-innovation-np.deployment.hblup_h2h,,Hblup H2h,brd,,,,,,hblup_h2h,,,
delta_agspp_med_blup,dimension,Delta Agspp Med Blup,,{CUBE}.delta_agspp_med_blup,,number,hblup_h2h,bcs-brd-data-innovation-np.deployment.hblup_h2h,,Hblup H2h,brd,,,,,,hblup_h2h,,,
agspp_med_color,dimension,Agspp Med Color,,{CUBE}.agspp_med_color,,number,hblup_h2h,bcs-brd-data-innovation-np.deployment.hblup_h2h,,Hblup H2h,brd,,,,,,hblup_h2h,,,
delta_agspp_late_blup,dimension,Delta Agspp Late Blup,,{CUBE}.delta_agspp_late_blup,,number,hblup_h2h,bcs-brd-data-innovation-np.deployment.hblup_h2h,,Hblup H2h,brd,,,,,,hblup_h2h,,,
agspp_late_color,dimension,Agspp Late Color,,{CUBE}.agspp_late_color,,number,hblup_h2h,bcs-brd-data-innovation-np.deployment.hblup_h2h,,Hblup H2h,brd,,,,,,hblup_h2h,,,
check_market_segment,dimension,Check Market Segment,,{CUBE}.check_market_segment,,string,hblup_h2h,bcs-brd-data-innovation-np.deployment.hblup_h2h,,Hblup H2h,brd,,,,,,hblup_h2h,,,
rm_delta,dimension,RM Delta,,{CUBE}.rm_delta,,number,hblup_h2h,bcs-brd-data-innovation-np.deployment.hblup_h2h,,Hblup H2h,brd,,,,,,hblup_h2h,,,
delta_asr,dimension,Delta Asr,,{CUBE}.delta_asr,,number,hblup_h2h,bcs-brd-data-innovation-np.deployment.hblup_h2h,,Hblup H2h,brd,,,,,,hblup_h2h,,,
delta_tarsc,dimension,Delta Tarsc,,{CUBE}.delta_tarsc,,number,hblup_h2h,bcs-brd-data-innovation-np.deployment.hblup_h2h,,Hblup H2h,brd,,,,,,hblup_h2h,,,
delta_sr,dimension,Delta Sr,,{CUBE}.delta_sr,,number,hblup_h2h,bcs-brd-data-innovation-np.deployment.hblup_h2h,,Hblup H2h,brd,,,,,,hblup_h2h,,,
delta_gls,dimension,Delta Gls,,{CUBE}.delta_gls,,number,hblup_h2h,bcs-brd-data-innovation-np.deployment.hblup_h2h,,Hblup H2h,brd,,,,,,hblup_h2h,,,
delta_nclb,dimension,Delta Nclb,,{CUBE}.delta_nclb,,number,hblup_h2h,bcs-brd-data-innovation-np.deployment.hblup_h2h,,Hblup H2h,brd,,,,,,hblup_h2h,,,
delta_gw,dimension,Delta Gw,,{CUBE}.delta_gw,,number,hblup_h2h,bcs-brd-data-innovation-np.deployment.hblup_h2h,,Hblup H2h,brd,,,,,,hblup_h2h,,,
delta_rtlp_blup,dimension,Delta Rtlp Blup,,{CUBE}.delta_rtlp_blup,,number,hblup_h2h,bcs-brd-data-innovation-np.deployment.hblup_h2h,,Hblup H2h,brd,,,,,,hblup_h2h,,,
delta_stlp_blup,dimension,Delta Stlp Blup,,{CUBE}.delta_stlp_blup,,number,hblup_h2h,bcs-brd-data-innovation-np.deployment.hblup_h2h,,Hblup H2h,brd,,,,,,hblup_h2h,,,
delta_pht_blup,dimension,Delta Pht Blup,,{CUBE}.delta_pht_blup,,number,hblup_h2h,bcs-brd-data-innovation-np.deployment.hblup_h2h,,Hblup H2h,brd,,,,,,hblup_h2h,,,
delta_twt_be_blup,dimension,Delta Twt Be Blup,,{CUBE}.delta_twt_be_blup,,number,hblup_h2h,bcs-brd-data-innovation-np.deployment.hblup_h2h,,Hblup H2h,brd,,,,,,hblup_h2h,,,
delta_ccvrvig_blup,dimension,Delta Ccvrvig Blup,,{CUBE}.delta_ccvrvig_blup,,number,hblup_h2h,bcs-brd-data-innovation-np.deployment.hblup_h2h,,Hblup H2h,brd,,,,,,hblup_h2h,,,
delta_eht_blup,dimension,Delta Eht Blup,,{CUBE}.delta_eht_blup,,number,hblup_h2h,bcs-brd-data-innovation-np.deployment.hblup_h2h,,Hblup H2h,brd,,,,,,hblup_h2h,,,
delta_mst_be_blup,dimension,Delta Mst Be Blup,,{CUBE}.delta_mst_be_blup,,number,hblup_h2h,bcs-brd-data-innovation-np.deployment.hblup_h2h,,Hblup H2h,brd,,,,,,hblup_h2h,,,
delta_s50_blup,dimension,Delta S50 Blup,,{CUBE}.delta_s50_blup,,number,hblup_h2h,bcs-brd-data-innovation-np.deployment.hblup_h2h,,Hblup H2h,brd,,,,,,hblup_h2h,,,
delta_p50_blup,dimension,Delta P50 Blup,,{CUBE}.delta_p50_blup,,number,hblup_h2h,bcs-brd-data-innovation-np.deployment.hblup_h2h,,Hblup H2h,brd,,,,,,hblup_h2h,,,
delta_yld_casc_blup,dimension,Delta Yld Casc Blup,,{CUBE}.delta_yld_casc_blup,,number,hblup_h2h,bcs-brd-data-innovation-np.deployment.hblup_h2h,,Hblup H2h,brd,,,,,,hblup_h2h,,,
yld_casc_color,dimension,Yld Casc Color,,{CUBE}.yld_casc_color,,number,hblup_h2h,bcs-brd-data-innovation-np.deployment.hblup_h2h,,Hblup H2h,brd,,,,,,hblup_h2h,,,
decision,dimension,Decision,,{CUBE}.decision,,string,writeups,bcs-brd-data-innovation-np.deployment.writeups,,Writeups,brd,,,,,,writeups,,,
plant_height,dimension,Plant Height,,{CUBE}.plant_height,,string,writeups,bcs-brd-data-innovation-np.deployment.writeups,,Writeups,brd,,,,,,writeups,,,
test_weight,dimension,Test Weight,,{CUBE}.test_weight,,number,writeups,bcs-brd-data-innovation-np.deployment.writeups,,Writeups,brd,,,,,,writeups,,,
drydown,dimension,Drydown,,{CUBE}.drydown,,number,writeups,bcs-brd-data-innovation-np.deployment.writeups,,Writeups,brd,,,,,,writeups,,,
staygreen,dimension,Staygreen,,{CUBE}.staygreen,,number,writeups,bcs-brd-data-innovation-np.deployment.writeups,,Writeups,brd,,,,,,writeups,,,
stalk_strength,dimension,Stalk Strength,,{CUBE}.stalk_strength,,number,writeups,bcs-brd-data-innovation-np.deployment.writeups,,Writeups,brd,,,,,,writeups,,,
root_strength,dimension,Root Strength,,{CUBE}.root_strength,,number,writeups,bcs-brd-data-innovation-np.deployment.writeups,,Writeups,brd,,,,,,writeups,,,
seedling_growth,dimension,Seedling Growth,,{CUBE}.seedling_growth,,number,writeups,bcs-brd-data-innovation-np.deployment.writeups,,Writeups,brd,,,,,,writeups,,,
gsp,dimension,Gsp,,{CUBE}.gsp,,number,writeups,bcs-brd-data-innovation-np.deployment.writeups,,Writeups,brd,,,,,,writeups,,,
emergence,dimension,Emergence,,{CUBE}.emergence,,number,writeups,bcs-brd-data-innovation-np.deployment.writeups,,Writeups,brd,,,,,,writeups,,,
speciality_market,dimension,Speciality Market,,{CUBE}.speciality_market,,string,writeups,bcs-brd-data-innovation-np.deployment.writeups,,Writeups,brd,,,,,,writeups,,,
harvest_appearence,dimension,Harvest Appearence,,{CUBE}.harvest_appearence,,number,writeups,bcs-brd-data-innovation-np.deployment.writeups,,Writeups,brd,,,,,,writeups,,,
rhs_potential,dimension,Rhs Potential,,{CUBE}.rhs_potential,,string,writeups,bcs-brd-data-innovation-np.deployment.writeups,,Writeups,brd,,,,,,writeups,,,
key_strength,dimension,Key Strength,,{CUBE}.key_strength,,string,writeups,bcs-brd-data-innovation-np.deployment.writeups,,Writeups,brd,,,,,,writeups,,,
cm_rm,dimension,Cm RM,,{CUBE}.cm_rm,,number,writeups,bcs-brd-data-innovation-np.deployment.writeups,,Writeups,brd,,,,,,writeups,,,
parental_characteristic,dimension,Parental Characteristic,,{CUBE}.parental_characteristic,,string,writeups,bcs-brd-data-innovation-np.deployment.writeups,,Writeups,brd,,,,,,writeups,,,
silage,dimension,Silage,,{CUBE}.silage,,string,writeups,bcs-brd-data-innovation-np.deployment.writeups,,Writeups,brd,,,,,,writeups,,,
ear_placement,dimension,Ear Placement,,{CUBE}.ear_placement,,string,writeups,bcs-brd-data-innovation-np.deployment.writeups,,Writeups,brd,,,,,,writeups,,,
entry_type,dimension,Entry Type,,{CUBE}.entry_type,,string,writeups,bcs-brd-data-innovation-np.deployment.writeups,,Writeups,brd,,,,,,writeups,,,
other_phenotypic_observations,dimension,Other Phenotypic Observations,,{CUBE}.other_phenotypic_observations,,string,writeups,bcs-brd-data-innovation-np.deployment.writeups,,Writeups,brd,,,,,,writeups,,,
trait_group,dimension,Trait Group,,{CUBE}.trait_group,,string,writeups,bcs-brd-data-innovation-np.deployment.writeups,,Writeups,brd,,,,,,writeups,,,
pedigree,dimension,Pedigree,,{CUBE}.pedigree,,string,writeups,bcs-brd-data-innovation-np.deployment.writeups,,Writeups,brd,,,,,,writeups,,,
release_geography,dimension,Release Geography,,{CUBE}.release_geography,,string,writeups,bcs-brd-data-innovation-np.deployment.writeups,,Writeups,brd,,,,,,writeups,,,
test_set_name,dimension,Test Set Name,,{CUBE}.test_set_name,,string,writeups,bcs-brd-data-innovation-np.deployment.writeups,,Writeups,brd,,,,,,writeups,,,
pds_assignment,dimension,Pds Assignment,,{CUBE}.pds_assignment,,string,writeups,bcs-brd-data-innovation-np.deployment.writeups,,Writeups,brd,,,,,,writeups,,,
weakness,dimension,Weakness,,{CUBE}.weakness,,string,writeups,bcs-brd-data-innovation-np.deployment.writeups,,Writeups,brd,,,,,,writeups,,,
ps4_writeup_template,dimension,Ps4 Writeup Template,,{CUBE}.ps4_writeup_template,,string,writeups,bcs-brd-data-innovation-np.deployment.writeups,,Writeups,brd,,,,,,writeups,,,
planting_rate,dimension,Planting Rate,,{CUBE}.planting_rate,,string,writeups,bcs-brd-data-innovation-np.deployment.writeups,,Writeups,brd,,,,,,writeups,,,
trait_description,dimension,Trait Description,,{CUBE}.trait_description,,string,writeups,bcs-brd-data-innovation-np.deployment.writeups,,Writeups,brd,,,,,,writeups,,,
hybrid_rm,dimension,Hybrid RM,,{CUBE}.hybrid_rm,,string,writeups,bcs-brd-data-innovation-np.deployment.writeups,,Writeups,brd,,,,,,writeups,,,
trait_package,dimension,Trait Package,,{CUBE}.trait_package,,string,writeups,bcs-brd-data-innovation-np.deployment.writeups,,Writeups,brd,,,,,,writeups,,,
management_recommendations,dimension,Management Recommendations,,{CUBE}.management_recommendations,,string,writeups,bcs-brd-data-innovation-np.deployment.writeups,,Writeups,brd,,,,,,writeups,,,
market,dimension,Market,,{CUBE}.market,,string,writeups,bcs-brd-data-innovation-np.deployment.writeups,,Writeups,brd,,,,,,writeups,,,
description,dimension,Description,,{CUBE}.description,,string,writeups,bcs-brd-data-innovation-np.deployment.writeups,,Writeups,brd,,,,,,writeups,,,
sub_market,dimension,Sub Market,,{CUBE}.sub_market,,string,writeups,bcs-brd-data-innovation-np.deployment.writeups,,Writeups,brd,,,,,,writeups,,,
product_name_cs,dimension,Product Name Cs,,{CUBE}.product_name_cs,,string,writeups,bcs-brd-data-innovation-np.deployment.writeups,,Writeups,brd,,,,,,writeups,,,
precomm,dimension,Precomm,,{CUBE}.precomm,,string,writeups,bcs-brd-data-innovation-np.deployment.writeups,,Writeups,brd,,,,,,writeups,,,
cs_int,dimension,Cs Int,,{CUBE}.cs_int,,string,writeups,bcs-brd-data-innovation-np.deployment.writeups,,Writeups,brd,,,,,,writeups,,,
